Hazel; Walker; Maymie_Bradtke@gmail.com; 26502 Brandon Alley; 70249; Schadenburgh; Bouvet Island (Bouvetoya); 1-643-875-8016; Wava76; Mon Oct 18 2021 07:22:20 GMT+0200 (Ora legale dell’Europa centrale); 32350; 49938; Handcrafted Wooden Shoes; Cheese; salmon; The Apollotech B340 is an affordable wireless mouse with reliable connectivity, 12 months battery life and modern design; 970.00
Sherwood; O'Keefe; Damon86@yahoo.com; 617 Collier Drives; 05301-4518; Jaedentown; Namibia; 249.382.5470 x35950; Wilber_Marks; Wed Feb 17 2021 08:12:18 GMT+0100 (Ora standard dell’Europa centrale); 61437; 71320; Fantastic Steel Mouse; Keyboard; salmon; The Nagasaki Lander is the trademarked name of several series of Nagasaki sport bikes, that started with the 1984 ABC800J; 191.00
Reva; Brown; Isaiah_Ryan70@gmail.com; 403 Cassie Trail; 66706; Macejkovicchester; Togo; 827-575-2485 x6788; Estefania_Wisoky28; Fri Sep 17 2021 22:58:51 GMT+0200 (Ora legale dell’Europa centrale); 45588; 43316; Handmade Cotton Fish; Chicken; sky blue; The Apollotech B340 is an affordable wireless mouse with reliable connectivity, 12 months battery life and modern design; 305.00
Eldred; O'Kon; Joy_Hane@gmail.com; 351 Vince Tunnel; 44150-4242; Nilsfurt; Saint Helena; 627.677.0253 x1698; Milan_Beer43; Wed Feb 02 2022 10:09:43 GMT+0100 (Ora standard dell’Europa centrale); 89828; 83869; Small Granite Chicken; Shirt; white; New ABC 13 9370, 13.3, 5th Gen CoreA5-8250U, 8GB RAM, 256GB SSD, power UHD Graphics, OS 10 Home, OS Office A & J 2016; 987.00
Marlene; Harris; Sandrine_Goyette40@yahoo.com; 398 Reese Springs; 86474; Kenner; Uzbekistan; 609.393.7673 x0737; Felicity92; Sun Dec 26 2021 16:46:26 GMT+0100 (Ora standard dell’Europa centrale); 59532; 8062; Handmade Steel Chair; Car; magenta; The Apollotech B340 is an affordable wireless mouse with reliable connectivity, 12 months battery life and modern design; 763.00
Adele; Tremblay; Arielle.Feest13@yahoo.com; 4676 Orn Meadows; 11544; Salinas; South Africa; (254) 663-0462 x975; Lawrence92; Mon Dec 06 2021 19:43:29 GMT+0100 (Ora standard dell’Europa centrale); 29516; 8690; Licensed Soft Fish; Soap; olive; Carbonite web goalkeeper gloves are ergonomically designed to give easy fit; 992.00
Zella; Weissnat; Catherine_Cummings@gmail.com; 5028 Abbie Drive; 37448-3626; New Selena; Hong Kong; 273-910-1293; Connor94; Fri Aug 27 2021 12:30:21 GMT+0200 (Ora legale dell’Europa centrale); 16467; 72200; Tasty Fresh Car; Bike; yellow; The Football Is Good For Training And Recreational Purposes; 402.00
Ward; King; Horacio.Kris94@yahoo.com; 2013 Jewel Stream; 18838; South Erick; San Marino; (568) 748-1240 x650; Karianne_Hane; Thu May 20 2021 19:30:56 GMT+0200 (Ora legale dell’Europa centrale); 57417; 26038; Ergonomic Plastic Hat; Towels; green; New ABC 13 9370, 13.3, 5th Gen CoreA5-8250U, 8GB RAM, 256GB SSD, power UHD Graphics, OS 10 Home, OS Office A & J 2016; 167.00
Lempi; Yost; Flavie_MacGyver78@gmail.com; 04357 Janiya Bypass; 46739; South Marjorie; Cuba; 867-805-9446; Delfina.Hegmann; Sat May 15 2021 03:58:32 GMT+0200 (Ora legale dell’Europa centrale); 87947; 7239; Refined Steel Towels; Sausages; white; The Nagasaki Lander is the trademarked name of several series of Nagasaki sport bikes, that started with the 1984 ABC800J; 890.00
Estelle; Hills; Oceane_Pfannerstill@gmail.com; 49156 Keanu Viaduct; 31556-3494; North Scottieburgh; British Indian Ocean Territory (Chagos Archipelago); 1-914-444-7044 x03365; Brittany.Pfannerstill20; Thu Mar 25 2021 07:09:13 GMT+0100 (Ora standard dell’Europa centrale); 59334; 77813; Handmade Steel Tuna; Computer; plum; Boston's most advanced compression wear technology increases muscle oxygenation, stabilizes active muscles; 205.00
Imogene; Muller; Myrtie35@yahoo.com; 3896 Audrey Landing; 62411-0106; Cassidyfort; Estonia; (736) 889-2761; Shawna.Walker57; Tue Jun 08 2021 18:20:15 GMT+0200 (Ora legale dell’Europa centrale); 39205; 3039; Tasty Concrete Table; Pizza; orange; New ABC 13 9370, 13.3, 5th Gen CoreA5-8250U, 8GB RAM, 256GB SSD, power UHD Graphics, OS 10 Home, OS Office A & J 2016; 250.00