Osvaldo; Cummings; Destin.Kuvalis@hotmail.com;
          4980 Zulauf Mill; 81802-8305; Gusikowskiside; Montenegro; (706) 721-0564 x066;
          Michaela.Kozey7;
          Fri Aug 13 2021 12:18:51 GMT+0200 (Ora legale dell’Europa centrale); 77050; 15616;
          Awesome Soft Towels; Pizza; grey; The Nagasaki Lander is the trademarked name of several series of Nagasaki sport bikes, that started with the 1984 ABC800J;
          464.00
Elyse; Fritsch; Darrell.Dibbert@yahoo.com;
          1658 Shawn Brook; 32737; West Casimir; Cambodia; (748) 202-6693 x55502;
          Tess.Moen;
          Sun Oct 17 2021 18:49:45 GMT+0200 (Ora legale dell’Europa centrale); 19683; 57760;
          Handmade Cotton Computer; Shoes; purple; The slim & simple Maple Gaming Keyboard from Dev Byte comes with a sleek body and 7- Color RGB LED Back-lighting for smart functionality;
          745.00
Adonis; Ratke; Grace_Hackett@hotmail.com;
          3056 O'Keefe Park; 10376-0342; Harberberg; Australia; 698.428.3350 x855;
          Golden34;
          Mon May 03 2021 05:39:18 GMT+0200 (Ora legale dell’Europa centrale); 81754; 49554;
          Sleek Metal Chair; Shoes; silver; Andy shoes are designed to keeping in mind durability as well as trends, the most stylish range of shoes & sandals;
          789.00
Daron; Block; Lisa54@yahoo.com;
          941 Shawn Rapids; 79148; Lornaburgh; Martinique; 864.305.0081;
          Jackson.Barrows;
          Sun Mar 07 2021 17:57:25 GMT+0100 (Ora standard dell’Europa centrale); 27760; 7940;
          Gorgeous Cotton Computer; Bacon; lavender; The slim & simple Maple Gaming Keyboard from Dev Byte comes with a sleek body and 7- Color RGB LED Back-lighting for smart functionality;
          670.00
Gretchen; Stamm; Lolita_Block71@gmail.com;
          999 Alexandra Islands; 48207; Creminstad; Honduras; 1-962-207-5939 x784;
          Golden_Considine;
          Tue Feb 23 2021 11:36:21 GMT+0100 (Ora standard dell’Europa centrale); 33977; 96412;
          Ergonomic Fresh Shoes; Chair; cyan; The Nagasaki Lander is the trademarked name of several series of Nagasaki sport bikes, that started with the 1984 ABC800J;
          970.00
Samir; Lebsack; Malvina30@gmail.com;
          52591 O'Conner Fields; 00617; Anitachester; Equatorial Guinea; 772-774-7926;
          Garth33;
          Thu Mar 25 2021 20:40:17 GMT+0100 (Ora standard dell’Europa centrale); 48891; 91790;
          Refined Granite Ball; Salad; turquoise; The Nagasaki Lander is the trademarked name of several series of Nagasaki sport bikes, that started with the 1984 ABC800J;
          956.00
Percival; Yost; Nina62@yahoo.com;
          21781 Baumbach Club; 46025-0448; South Jefferey; Pitcairn Islands; 1-849-846-7190 x423;
          Freeda.Wilderman;
          Thu Jul 22 2021 04:15:33 GMT+0200 (Ora legale dell’Europa centrale); 53157; 22334;
          Gorgeous Fresh Shoes; Sausages; violet; Carbonite web goalkeeper gloves are ergonomically designed to give easy fit;
          852.00
Joanie; Schulist; Jaclyn55@yahoo.com;
          7470 Jordon Circles; 25776-6099; Quincy; Kyrgyz Republic; 306.406.7300;
          Catharine.Gutkowski67;
          Thu Dec 16 2021 04:57:21 GMT+0100 (Ora standard dell’Europa centrale); 7464; 526;
          Small Plastic Table; Bike; tan; The Nagasaki Lander is the trademarked name of several series of Nagasaki sport bikes, that started with the 1984 ABC800J;
          513.00
Jakayla; Langosh; Adolph_Predovic13@gmail.com;
          703 Jocelyn Villages; 40111-6384; Amytown; Maldives; (959) 821-8096 x699;
          Isom.Frami92;
          Mon Jul 19 2021 11:00:45 GMT+0200 (Ora legale dell’Europa centrale); 99203; 70689;
          Awesome Granite Pizza; Car; gold; The slim & simple Maple Gaming Keyboard from Dev Byte comes with a sleek body and 7- Color RGB LED Back-lighting for smart functionality;
          611.00
Nichole; Haag; Darrel64@gmail.com;
          4162 Stefanie Fall; 78541; Simonisburgh; Saint Kitts and Nevis; 1-266-962-5839 x426;
          Alden_Zemlak97;
          Fri Jul 16 2021 04:15:03 GMT+0200 (Ora legale dell’Europa centrale); 67945; 67253;
          Gorgeous Plastic Salad; Tuna; maroon; The Apollotech B340 is an affordable wireless mouse with reliable connectivity, 12 months battery life and modern design;
          816.00
Vida; Kilback; Dell.Hahn@hotmail.com;
          80940 Eino Turnpike; 12863; East Timmothyport; Uruguay; 203.854.8258 x9947;
          Sabryna_Kuhic;
          Wed Aug 25 2021 19:22:07 GMT+0200 (Ora legale dell’Europa centrale); 31953; 15986;
          Tasty Steel Bike; Sausages; ivory; Andy shoes are designed to keeping in mind durability as well as trends, the most stylish range of shoes & sandals;
          297.00
Giles; Tillman; Alize_Koelpin@hotmail.com;
          02329 Borer Dale; 34200; Lake Havasu City; Falkland Islands (Malvinas); 979.868.0398 x1109;
          Wilfrid_Kiehn;
          Thu Sep 16 2021 05:25:39 GMT+0200 (Ora legale dell’Europa centrale); 77258; 23146;
          Tasty Metal Mouse; Pants; blue; The automobile layout consists of a front-engine design, with transaxle-type transmissions mounted at the rear of the engine and four wheel drive;
          51.00
Walton; Zieme; Jayce.Kunze@yahoo.com;
          18442 Reynolds Views; 92256-7638; South Emilyborough; Kenya; 916-453-0691;
          Betsy.Rippin;
          Fri Dec 03 2021 00:09:02 GMT+0100 (Ora standard dell’Europa centrale); 16598; 77320;
          Practical Frozen Chicken; Table; purple; The Apollotech B340 is an affordable wireless mouse with reliable connectivity, 12 months battery life and modern design;
          784.00
Micaela; Cremin; Vergie.Balistreri28@yahoo.com;
          842 Jenkins Ferry; 36846; South Loyceborough; South Africa; 1-597-622-6489 x7921;
          Lysanne.Haag94;
          Fri Aug 13 2021 03:35:02 GMT+0200 (Ora legale dell’Europa centrale); 75831; 13057;
          Sleek Wooden Fish; Car; teal; Carbonite web goalkeeper gloves are ergonomically designed to give easy fit;
          796.00
Imani; Cassin; Brown_Zulauf61@hotmail.com;
          421 Effertz Center; 28821-0992; New Dejahville; Western Sahara; 1-379-813-1805 x8950;
          Carmel26;
          Wed Oct 06 2021 13:30:51 GMT+0200 (Ora legale dell’Europa centrale); 63626; 92727;
          Generic Wooden Towels; Table; maroon; New range of formal shirts are designed keeping you in mind. With fits and styling that will make you stand apart;
          13.00
Rex; Bernhard; Travis.Rutherford@gmail.com;
          56628 Janick Green; 76275; Francoland; Lebanon; 1-322-741-1292 x724;
          Luna63;
          Fri Apr 02 2021 09:19:04 GMT+0200 (Ora legale dell’Europa centrale); 37063; 83851;
          Unbranded Frozen Cheese; Towels; plum; The beautiful range of Apple Naturalé that has an exciting mix of natural ingredients. With the Goodness of 100% Natural Ingredients;
          300.00
Stacey; Bergstrom; Roxanne.Grimes57@yahoo.com;
          00088 Anais Island; 26382; East Durward; Morocco; 953-306-3415 x832;
          Floy_Thiel;
          Fri Dec 03 2021 17:41:23 GMT+0100 (Ora standard dell’Europa centrale); 42547; 34862;
          Handcrafted Fresh Towels; Cheese; black; Boston's most advanced compression wear technology increases muscle oxygenation, stabilizes active muscles;
          353.00
Blake; Gutkowski; Cassandre48@yahoo.com;
          939 Domenico Heights; 08702-3884; Uptonchester; Russian Federation; 491.284.2048 x6348;
          Clarabelle.Goyette;
          Fri Jul 30 2021 07:13:27 GMT+0200 (Ora legale dell’Europa centrale); 83128; 43956;
          Ergonomic Granite Cheese; Car; magenta; The Nagasaki Lander is the trademarked name of several series of Nagasaki sport bikes, that started with the 1984 ABC800J;
          474.00
Monte; Nienow; Aurelie_Fahey65@hotmail.com;
          28729 Otilia Islands; 04363-5991; Independence; Cocos (Keeling) Islands; (577) 453-2284 x6940;
          Adolf35;
          Wed Jan 19 2022 20:47:12 GMT+0100 (Ora standard dell’Europa centrale); 73602; 91898;
          Sleek Steel Gloves; Ball; silver; Carbonite web goalkeeper gloves are ergonomically designed to give easy fit;
          800.00
Michale; Harber; Flossie95@hotmail.com;
          68826 Ledner Manors; 29624-1297; McDermotttown; Slovakia (Slovak Republic); 767-573-1556 x95020;
          Theresia_Treutel75;
          Tue Jun 15 2021 17:30:22 GMT+0200 (Ora legale dell’Europa centrale); 12370; 35751;
          Unbranded Granite Car; Car; green; The Nagasaki Lander is the trademarked name of several series of Nagasaki sport bikes, that started with the 1984 ABC800J;
          244.00
Gina; Nikolaus; Cade_Gottlieb19@hotmail.com;
          84686 Jamel Branch; 32219; New Lelahland; Egypt; 1-435-732-1203 x7262;
          Nolan.Lehner8;
          Sun Nov 07 2021 19:43:24 GMT+0100 (Ora standard dell’Europa centrale); 96647; 74078;
          Generic Concrete Pizza; Pizza; orange; Carbonite web goalkeeper gloves are ergonomically designed to give easy fit;
          547.00
Kariane; Daugherty; Abby_Rohan23@hotmail.com;
          30594 Kshlerin Fall; 10904; Smithamtown; Gambia; 261-692-0066 x4498;
          Mario63;
          Thu Nov 18 2021 07:03:52 GMT+0100 (Ora standard dell’Europa centrale); 75685; 53960;
          Unbranded Concrete Chips; Gloves; tan; The automobile layout consists of a front-engine design, with transaxle-type transmissions mounted at the rear of the engine and four wheel drive;
          903.00
Maryjane; Farrell; Annetta.Daugherty93@gmail.com;
          809 Margret Squares; 51911; West Lambertfurt; Turks and Caicos Islands; 1-302-860-1750;
          Leta.Ankunding30;
          Sat Sep 25 2021 06:06:08 GMT+0200 (Ora legale dell’Europa centrale); 77685; 51750;
          Fantastic Rubber Shirt; Soap; salmon; Carbonite web goalkeeper gloves are ergonomically designed to give easy fit;
          834.00
Terrance; Nienow; Jackson.Swift@gmail.com;
          85276 Dillan Valley; 16898-1585; Port Samantha; Democratic People's Republic of Korea; (221) 920-5601 x84255;
          Sallie.Bartell;
          Mon Mar 29 2021 05:19:58 GMT+0200 (Ora legale dell’Europa centrale); 97440; 42821;
          Fantastic Granite Sausages; Gloves; purple; The automobile layout consists of a front-engine design, with transaxle-type transmissions mounted at the rear of the engine and four wheel drive;
          602.00
Karlee; Weber; Rebeca_Kuhlman@hotmail.com;
          1753 Elise Flats; 10486-4266; New Boris; Sweden; 461-852-1864 x77367;
          Alize_Hudson;
          Fri Aug 20 2021 13:19:02 GMT+0200 (Ora legale dell’Europa centrale); 5979; 27162;
          Sleek Steel Cheese; Computer; plum; New ABC 13 9370, 13.3, 5th Gen CoreA5-8250U, 8GB RAM, 256GB SSD, power UHD Graphics, OS 10 Home, OS Office A & J 2016;
          394.00
Antonette; Jenkins; Felicity_Schiller@yahoo.com;
          86442 Alana Dam; 64503-3391; North Gabriel; Samoa; 729.877.8563;
          Jeanne_Runolfsdottir3;
          Tue Nov 09 2021 02:37:38 GMT+0100 (Ora standard dell’Europa centrale); 94609; 91915;
          Gorgeous Steel Towels; Chair; white; The beautiful range of Apple Naturalé that has an exciting mix of natural ingredients. With the Goodness of 100% Natural Ingredients;
          818.00
Forrest; O'Kon; Cullen.Kuhlman@yahoo.com;
          99004 Rippin Isle; 38134; New Aurelieport; Kazakhstan; 784.834.3710;
          Urban81;
          Sun Mar 14 2021 13:19:25 GMT+0100 (Ora standard dell’Europa centrale); 15040; 6817;
          Practical Fresh Computer; Salad; orange; The automobile layout consists of a front-engine design, with transaxle-type transmissions mounted at the rear of the engine and four wheel drive;
          233.00
Mollie; Beahan; Celia13@yahoo.com;
          546 Jacobi Ports; 22052-6035; Cheyenne; Belgium; 1-860-872-8118 x5503;
          Antonina76;
          Mon Apr 05 2021 06:29:44 GMT+0200 (Ora legale dell’Europa centrale); 88689; 94012;
          Handcrafted Fresh Keyboard; Pants; purple; The beautiful range of Apple Naturalé that has an exciting mix of natural ingredients. With the Goodness of 100% Natural Ingredients;
          251.00
Jerel; Kozey; Zakary.Davis@yahoo.com;
          861 Boyle Bridge; 04289; East Duanechester; Cayman Islands; 1-869-626-6089;
          Otis_Kilback47;
          Wed Nov 24 2021 18:54:42 GMT+0100 (Ora standard dell’Europa centrale); 79560; 34075;
          Practical Concrete Ball; Sausages; violet; Ergonomic executive chair upholstered in bonded black leather and PVC padded seat and back for all-day comfort and support;
          84.00
Dulce; Rutherford; Jeffry.Dickinson77@hotmail.com;
          2057 Reilly Summit; 38303-4448; Port Elfriedaville; Serbia; (588) 518-8285 x3893;
          Hollis.Dickinson24;
          Thu Apr 29 2021 13:33:07 GMT+0200 (Ora legale dell’Europa centrale); 90739; 34008;
          Sleek Concrete Chips; Hat; fuchsia; The Apollotech B340 is an affordable wireless mouse with reliable connectivity, 12 months battery life and modern design;
          153.00
Donna; Hayes; Fausto48@gmail.com;
          9759 Jaclyn Rest; 72596; Kansas City; Macao; 861.247.8792;
          Tony.Rath23;
          Wed Apr 07 2021 06:05:01 GMT+0200 (Ora legale dell’Europa centrale); 42908; 51385;
          Fantastic Cotton Mouse; Mouse; yellow; The beautiful range of Apple Naturalé that has an exciting mix of natural ingredients. With the Goodness of 100% Natural Ingredients;
          561.00
Misty; Walker; Mellie.Breitenberg38@gmail.com;
          729 Prohaska Cape; 32866-3006; Port Corbin; Monaco; (847) 577-8875 x829;
          Paula.Quitzon;
          Wed Dec 15 2021 06:04:26 GMT+0100 (Ora standard dell’Europa centrale); 54121; 34671;
          Ergonomic Frozen Sausages; Cheese; grey; Carbonite web goalkeeper gloves are ergonomically designed to give easy fit;
          973.00
Sammy; McKenzie; Darrick86@gmail.com;
          093 Marcia Mill; 27132; East Lansing; Myanmar; 924-207-1021 x55425;
          Davion_Jenkins94;
          Tue Oct 12 2021 02:07:03 GMT+0200 (Ora legale dell’Europa centrale); 31370; 30347;
          Refined Soft Mouse; Chicken; gold; The Apollotech B340 is an affordable wireless mouse with reliable connectivity, 12 months battery life and modern design;
          385.00
Ron; Okuneva; Heber10@gmail.com;
          1053 Rippin Meadow; 89864-1500; East Warrenton; Rwanda; 549-291-8911 x197;
          Baron_Greenholt;
          Tue Nov 02 2021 11:19:39 GMT+0100 (Ora standard dell’Europa centrale); 15855; 67979;
          Handmade Steel Car; Cheese; teal; The automobile layout consists of a front-engine design, with transaxle-type transmissions mounted at the rear of the engine and four wheel drive;
          782.00
Diamond; Bailey; Joannie_Cormier58@gmail.com;
          0975 Fae Meadow; 28617; New Larryfurt; United States Minor Outlying Islands; 458.399.6638 x7652;
          Marshall10;
          Tue Jul 27 2021 07:54:29 GMT+0200 (Ora legale dell’Europa centrale); 97264; 63185;
          Small Soft Hat; Soap; indigo; The beautiful range of Apple Naturalé that has an exciting mix of natural ingredients. With the Goodness of 100% Natural Ingredients;
          763.00
Missouri; Hand; Buford_Armstrong39@hotmail.com;
          853 Bashirian Shores; 13038; Deckowshire; Faroe Islands; 1-834-902-5321;
          Destin.OConnell85;
          Sun Dec 26 2021 05:31:30 GMT+0100 (Ora standard dell’Europa centrale); 66403; 43708;
          Unbranded Wooden Car; Soap; violet; The beautiful range of Apple Naturalé that has an exciting mix of natural ingredients. With the Goodness of 100% Natural Ingredients;
          275.00
Keshaun; Ankunding; Molly_Rohan29@gmail.com;
          2053 Watsica Road; 22135-5295; Crawfordside; Mozambique; 466-847-3860;
          Frieda_Kreiger99;
          Sat May 08 2021 08:52:28 GMT+0200 (Ora legale dell’Europa centrale); 54970; 33859;
          Refined Rubber Chips; Keyboard; orange; Ergonomic executive chair upholstered in bonded black leather and PVC padded seat and back for all-day comfort and support;
          694.00
Ryder; Bosco; Patricia31@hotmail.com;
          5434 Angeline Garden; 78066-3973; New Kylietown; Croatia; 816.947.5581;
          Rhiannon.Haley60;
          Mon Sep 06 2021 07:39:57 GMT+0200 (Ora legale dell’Europa centrale); 79795; 75919;
          Unbranded Rubber Bike; Computer; lime; Boston's most advanced compression wear technology increases muscle oxygenation, stabilizes active muscles;
          251.00
Maritza; Trantow; Carleton_Volkman@hotmail.com;
          307 Jeanne Extensions; 21869-8115; East Princeshire; Saint Kitts and Nevis; (336) 619-0977 x383;
          Modesto46;
          Sat Dec 25 2021 10:05:48 GMT+0100 (Ora standard dell’Europa centrale); 67994; 50098;
          Ergonomic Plastic Tuna; Ball; azure; Boston's most advanced compression wear technology increases muscle oxygenation, stabilizes active muscles;
          306.00
Syble; Effertz; Misael.Dietrich@gmail.com;
          5965 Fae Club; 46331; Albany; Antigua and Barbuda; 1-310-803-6425;
          Jean_Douglas62;
          Wed Sep 29 2021 21:44:04 GMT+0200 (Ora legale dell’Europa centrale); 41382; 69884;
          Ergonomic Rubber Table; Mouse; grey; The beautiful range of Apple Naturalé that has an exciting mix of natural ingredients. With the Goodness of 100% Natural Ingredients;
          647.00
Caden; Johns; Rodrigo8@hotmail.com;
          76764 Nadia Brooks; 89965-6092; West Hazle; Nicaragua; 525-696-7478 x612;
          Constantin_Spinka;
          Wed Jul 07 2021 17:25:58 GMT+0200 (Ora legale dell’Europa centrale); 29624; 47153;
          Refined Granite Gloves; Soap; grey; The Apollotech B340 is an affordable wireless mouse with reliable connectivity, 12 months battery life and modern design;
          572.00
Kadin; Casper; Claudie.Lemke@hotmail.com;
          1377 Rhianna Burg; 29022; Cindybury; Aruba; 885-265-1205 x872;
          Chester_Kunde68;
          Fri Mar 26 2021 00:17:50 GMT+0100 (Ora standard dell’Europa centrale); 56975; 22294;
          Rustic Metal Salad; Soap; gold; The automobile layout consists of a front-engine design, with transaxle-type transmissions mounted at the rear of the engine and four wheel drive;
          645.00
Marion; Marquardt; Briana_Bednar@hotmail.com;
          17017 Wisozk Course; 08761; Shadstad; Philippines; 296-944-9800;
          Antoinette91;
          Sat Oct 02 2021 13:27:34 GMT+0200 (Ora legale dell’Europa centrale); 35517; 87808;
          Sleek Wooden Gloves; Shoes; white; The slim & simple Maple Gaming Keyboard from Dev Byte comes with a sleek body and 7- Color RGB LED Back-lighting for smart functionality;
          925.00
Keyshawn; Conroy; Elfrieda_Flatley49@hotmail.com;
          12681 Marina Plains; 63644; Titoview; Azerbaijan; (408) 376-1139 x69469;
          Hellen.Shields;
          Tue Dec 21 2021 23:23:55 GMT+0100 (Ora standard dell’Europa centrale); 50933; 99813;
          Handmade Granite Bike; Fish; lavender; The slim & simple Maple Gaming Keyboard from Dev Byte comes with a sleek body and 7- Color RGB LED Back-lighting for smart functionality;
          866.00
Anderson; Rosenbaum; Tomas_Lang14@gmail.com;
          9014 Kautzer Mall; 03584; Sioux Falls; Uruguay; (972) 787-8815;
          Eldora_Goyette;
          Fri Oct 08 2021 12:15:27 GMT+0200 (Ora legale dell’Europa centrale); 81328; 46169;
          Sleek Metal Shirt; Mouse; maroon; The automobile layout consists of a front-engine design, with transaxle-type transmissions mounted at the rear of the engine and four wheel drive;
          555.00
Scotty; Monahan; Jarred.Ledner0@gmail.com;
          122 Eli Circle; 03941; Rogahnburgh; Ireland; (497) 421-4954 x0934;
          Daron_Hand;
          Mon Mar 01 2021 12:55:57 GMT+0100 (Ora standard dell’Europa centrale); 98505; 78067;
          Small Soft Chips; Chair; green; The Football Is Good For Training And Recreational Purposes;
          607.00
Robin; Schuster; Clifton.Hackett@yahoo.com;
          96840 Mckenna Gateway; 78746-6548; East Leslie; Uganda; 1-274-291-0094 x904;
          Kelsi77;
          Fri Apr 23 2021 22:52:20 GMT+0200 (Ora legale dell’Europa centrale); 41871; 44214;
          Generic Steel Cheese; Bacon; plum; The slim & simple Maple Gaming Keyboard from Dev Byte comes with a sleek body and 7- Color RGB LED Back-lighting for smart functionality;
          465.00
Jerad; Wunsch; Kattie.Baumbach77@gmail.com;
          88625 Wendell Knoll; 70295-7598; South Gilbertoborough; Belarus; 1-944-862-1612 x24219;
          Tremaine18;
          Tue Jun 01 2021 08:06:44 GMT+0200 (Ora legale dell’Europa centrale); 27472; 63715;
          Handcrafted Rubber Pizza; Gloves; purple; New ABC 13 9370, 13.3, 5th Gen CoreA5-8250U, 8GB RAM, 256GB SSD, power UHD Graphics, OS 10 Home, OS Office A & J 2016;
          426.00
Keaton; McLaughlin; Estell76@yahoo.com;
          7409 Devon Greens; 58919-0006; Nolanbury; Czech Republic; 745-643-4957 x77975;
          Kathlyn.Sipes;
          Sun Jan 23 2022 04:05:51 GMT+0100 (Ora standard dell’Europa centrale); 72698; 78699;
          Fantastic Cotton Hat; Soap; mint green; The Football Is Good For Training And Recreational Purposes;
          147.00
Efren; Moen; Triston_Gottlieb80@hotmail.com;
          8755 Belle Mall; 91607-4849; Lake Chelsieside; Burkina Faso; 727-809-9217;
          Tiffany0;
          Sun Feb 28 2021 07:32:25 GMT+0100 (Ora standard dell’Europa centrale); 43525; 13864;
          Fantastic Frozen Hat; Hat; pink; Carbonite web goalkeeper gloves are ergonomically designed to give easy fit;
          394.00
Mac; Tremblay; Samir6@yahoo.com;
          9290 Ramona Place; 17013; Lake Fannie; Cook Islands; (661) 572-6457 x5023;
          Katelynn.Bernhard21;
          Sat Feb 27 2021 06:47:58 GMT+0100 (Ora standard dell’Europa centrale); 44591; 89201;
          Unbranded Granite Cheese; Ball; white; The beautiful range of Apple Naturalé that has an exciting mix of natural ingredients. With the Goodness of 100% Natural Ingredients;
          301.00
Clotilde; Welch; Nolan.Mraz32@hotmail.com;
          09418 Carter Ports; 31528-6034; New Reaganfort; Namibia; 536.410.4778 x558;
          Abdul_Mills27;
          Mon Sep 27 2021 15:58:27 GMT+0200 (Ora legale dell’Europa centrale); 74864; 4265;
          Ergonomic Rubber Fish; Bike; azure; The Football Is Good For Training And Recreational Purposes;
          894.00
Jerrell; Bergstrom; Dorthy.Schinner58@hotmail.com;
          46656 Nicola View; 70203; Jeffreyfurt; Virgin Islands, British; 785-353-6256 x5201;
          Shawn23;
          Thu Feb 11 2021 11:41:21 GMT+0100 (Ora standard dell’Europa centrale); 21526; 40636;
          Small Steel Keyboard; Cheese; black; New ABC 13 9370, 13.3, 5th Gen CoreA5-8250U, 8GB RAM, 256GB SSD, power UHD Graphics, OS 10 Home, OS Office A & J 2016;
          503.00
Nelson; Walker; Meda.Gerlach@gmail.com;
          25039 Grady Crescent; 06658-0068; South Carissa; Turkey; (922) 763-8573;
          Ines.Wisoky19;
          Thu Nov 04 2021 05:57:22 GMT+0100 (Ora standard dell’Europa centrale); 78833; 5247;
          Generic Granite Salad; Pants; orchid; The beautiful range of Apple Naturalé that has an exciting mix of natural ingredients. With the Goodness of 100% Natural Ingredients;
          551.00
Sanford; Batz; Kristin_Monahan@yahoo.com;
          1110 Bartell Heights; 30658; Hermanton; Montenegro; 656-939-8836 x46424;
          Kiara_Rohan;
          Tue Jan 04 2022 21:43:45 GMT+0100 (Ora standard dell’Europa centrale); 47525; 78126;
          Fantastic Fresh Bacon; Shirt; ivory; The beautiful range of Apple Naturalé that has an exciting mix of natural ingredients. With the Goodness of 100% Natural Ingredients;
          166.00
Dorothea; Considine; Okey_Dickens10@hotmail.com;
          7810 Bergnaum Summit; 80643; North Adolphusshire; Kiribati; 1-384-440-1987 x7781;
          Victoria.Brekke96;
          Mon May 10 2021 12:25:19 GMT+0200 (Ora legale dell’Europa centrale); 96660; 70343;
          Refined Frozen Mouse; Towels; tan; Carbonite web goalkeeper gloves are ergonomically designed to give easy fit;
          733.00
Adonis; Collier; Casandra_Gleason@gmail.com;
          1399 Considine Vista; 18442; Marquardtville; Guadeloupe; 581-548-5151;
          Henderson66;
          Wed Jul 28 2021 11:10:28 GMT+0200 (Ora legale dell’Europa centrale); 44993; 54845;
          Small Metal Pants; Computer; orange; The Football Is Good For Training And Recreational Purposes;
          893.00
Cathy; Kris; Jaren_Klein@hotmail.com;
          64124 Schneider Isle; 16058-2794; Harrisonburg; Bermuda; 1-672-831-7158;
          Catalina.Buckridge;
          Sat Jun 05 2021 04:09:08 GMT+0200 (Ora legale dell’Europa centrale); 12381; 96007;
          Intelligent Wooden Bacon; Fish; cyan; Boston's most advanced compression wear technology increases muscle oxygenation, stabilizes active muscles;
          447.00
Gertrude; Lakin; Ines.Hilll@yahoo.com;
          13651 Jamil Flats; 78764; Lake Filibertoside; Andorra; (510) 713-7247 x48850;
          Katelyn32;
          Mon Jan 10 2022 03:59:35 GMT+0100 (Ora standard dell’Europa centrale); 94357; 60318;
          Handcrafted Frozen Sausages; Hat; ivory; Carbonite web goalkeeper gloves are ergonomically designed to give easy fit;
          922.00
Asia; Gottlieb; Marques_Lehner66@gmail.com;
          4074 Stehr Causeway; 55883; South Sister; Trinidad and Tobago; 488-547-6670;
          Prudence_Baumbach;
          Mon Jan 03 2022 02:22:51 GMT+0100 (Ora standard dell’Europa centrale); 73270; 85246;
          Incredible Metal Shoes; Bike; tan; Ergonomic executive chair upholstered in bonded black leather and PVC padded seat and back for all-day comfort and support;
          975.00
Buford; Schoen; Ed.Kunze18@gmail.com;
          646 Mayer Grove; 73214; Franeckitown; Tajikistan; 1-213-564-7331 x0879;
          Warren_Carroll;
          Thu Mar 11 2021 20:34:21 GMT+0100 (Ora standard dell’Europa centrale); 51652; 77908;
          Tasty Frozen Keyboard; Sausages; mint green; The Football Is Good For Training And Recreational Purposes;
          801.00
Trever; Dooley; Hollis.Senger92@yahoo.com;
          7557 Nolan Dam; 62609-0416; Dovieland; Austria; 613-748-0982;
          Gordon_Russel;
          Sat Nov 20 2021 18:56:48 GMT+0100 (Ora standard dell’Europa centrale); 34111; 1328;
          Ergonomic Rubber Keyboard; Sausages; ivory; The automobile layout consists of a front-engine design, with transaxle-type transmissions mounted at the rear of the engine and four wheel drive;
          476.00
Agnes; Lehner; Marian_Koch@gmail.com;
          78725 Cormier Parkway; 45989-4548; Simonisview; Papua New Guinea; 1-767-714-0297;
          Dejon_Cremin;
          Tue Jan 18 2022 15:43:45 GMT+0100 (Ora standard dell’Europa centrale); 34417; 21094;
          Generic Plastic Chicken; Keyboard; magenta; The Nagasaki Lander is the trademarked name of several series of Nagasaki sport bikes, that started with the 1984 ABC800J;
          265.00
Mara; Reichel; Mazie.Rosenbaum@yahoo.com;
          003 Roxane Orchard; 82240-3517; Rohanville; Namibia; 335.685.1732 x340;
          Cole_Dare;
          Fri Dec 10 2021 17:24:54 GMT+0100 (Ora standard dell’Europa centrale); 44355; 58981;
          Handcrafted Metal Table; Car; ivory; The Football Is Good For Training And Recreational Purposes;
          982.00
Eusebio; Frami; Elissa_Rolfson40@yahoo.com;
          780 McGlynn Greens; 22133; Stromanhaven; Greenland; (384) 611-7604 x45773;
          Mohammad92;
          Fri Jun 25 2021 22:31:27 GMT+0200 (Ora legale dell’Europa centrale); 47130; 58996;
          Intelligent Fresh Bacon; Sausages; orange; The beautiful range of Apple Naturalé that has an exciting mix of natural ingredients. With the Goodness of 100% Natural Ingredients;
          17.00
Heather; Zemlak; Cullen61@yahoo.com;
          423 Orland Fort; 88727; Spring; Uzbekistan; 777-486-5388 x44436;
          Johnny0;
          Mon Aug 16 2021 14:22:41 GMT+0200 (Ora legale dell’Europa centrale); 61375; 10926;
          Unbranded Wooden Ball; Salad; magenta; Boston's most advanced compression wear technology increases muscle oxygenation, stabilizes active muscles;
          419.00
Horace; Roob; Ignacio70@hotmail.com;
          869 Bahringer Stream; 83356; Runtechester; Switzerland; 626-854-2742;
          Arvel_Aufderhar11;
          Tue May 18 2021 21:25:00 GMT+0200 (Ora legale dell’Europa centrale); 15994; 48547;
          Handcrafted Cotton Table; Fish; azure; The beautiful range of Apple Naturalé that has an exciting mix of natural ingredients. With the Goodness of 100% Natural Ingredients;
          578.00
Antoinette; Koch; Darwin97@hotmail.com;
          69510 Dahlia Knoll; 54653; New Isom; Uzbekistan; 911-415-2888 x960;
          Cassandra_McCullough;
          Sun Oct 10 2021 18:11:22 GMT+0200 (Ora legale dell’Europa centrale); 2925; 3653;
          Awesome Cotton Pants; Cheese; yellow; The slim & simple Maple Gaming Keyboard from Dev Byte comes with a sleek body and 7- Color RGB LED Back-lighting for smart functionality;
          105.00
Weldon; Feest; Joesph47@hotmail.com;
          8294 Dicki Circle; 30438; Rozellaland; Marshall Islands; (919) 553-7331 x0432;
          Ulices.Windler0;
          Sat May 15 2021 16:47:33 GMT+0200 (Ora legale dell’Europa centrale); 99292; 58202;
          Ergonomic Fresh Cheese; Ball; silver; The slim & simple Maple Gaming Keyboard from Dev Byte comes with a sleek body and 7- Color RGB LED Back-lighting for smart functionality;
          339.00
Maud; Marquardt; Marlen.Marvin@hotmail.com;
          933 Macejkovic Mission; 06434; Carmelaville; Estonia; 792.456.3499;
          Juana30;
          Mon Aug 23 2021 04:24:07 GMT+0200 (Ora legale dell’Europa centrale); 43081; 20162;
          Licensed Frozen Tuna; Shoes; violet; The Nagasaki Lander is the trademarked name of several series of Nagasaki sport bikes, that started with the 1984 ABC800J;
          149.00
Romaine; Conn; Owen_West@yahoo.com;
          690 Wyman Flats; 11224-3340; Lake Dewitt; Yemen; 981-418-7250 x5394;
          Madonna_Leuschke64;
          Tue Jan 25 2022 05:32:41 GMT+0100 (Ora standard dell’Europa centrale); 87389; 94185;
          Awesome Frozen Soap; Computer; plum; The Apollotech B340 is an affordable wireless mouse with reliable connectivity, 12 months battery life and modern design;
          768.00
